HER,has_animated_gif,5.27358146456
HER,has_photo,2.34736289007
HER,has_video,1.49242810533
HER,has_hashtag,1.47610650827
LER,risk_yes,0.909358202286
LER,has_qmark,0.884476188178
LER,anger_yes,0.817523573373
LER,anx_yes,0.610680033296
LER,is_clout_yes,0.607665305723
HER,is_clout_no,0.591863872659
LER,many_sixltr,0.588314383462
LER,is_tone_no,0.572242356024
LER,swear_yes,0.542626519865
LER,negemo_yes,0.4718796668
LER,reward_yes,0.468627529878
LER,filler_yes,0.44214141819
LER,is_authentic_no,0.437138903471
LER,cause_yes,0.427604564475
HER,differ_yes,0.415221626755
HER,low_wps,0.384788412715
LER,is_authentic_yes,0.349656771662
LER,discrep_yes,0.34878939957
HER,nonflu_yes,0.348030714365
HER,see_yes,0.339118068725
HER,has_exclam,0.316214321606
LER,achieve_yes,0.310886104109
HER,certain_yes,0.30355981841
LER,power_yes,0.284902798448
LER,sad_yes,0.278555184862
LER,insight_yes,0.247161504543
LER,is_tone_yes,0.233159526833
HER,tentat_yes,0.218592598241
LER,hear_yes,0.214473066996
LER,is_analytic_yes,0.196510496005
LER,posemo_yes,0.189856955123
LER,high_wps,0.185928330145
LER,feel_yes,0.175530326525
HER,assent_yes,0.10297721802
HER,few_sixltr,0.0899733903092
LER,affiliation_yes,0.0386170579534
LER,is_analytic_no,0.0373586588145
