HER,has_animated_gif,2.69304030717
HER,has_photo,1.74408860944
HER,has_hashtag,1.05691629522
HER,has_video,1.0173978956
LER,has_qmark,0.968437201766
LER,risk_yes,0.651985489793
HER,nonflu_yes,0.645320613842
LER,is_tone_no,0.609829031419
LER,anger_yes,0.601680852926
LER,reward_yes,0.525704338737
LER,sad_yes,0.520627316317
LER,negemo_yes,0.486985607216
LER,many_sixltr,0.467567758301
LER,is_clout_yes,0.432012216509
LER,is_authentic_no,0.428010036409
HER,certain_yes,0.418158849962
HER,differ_yes,0.406928965841
LER,anx_yes,0.39848118097
HER,is_clout_no,0.394520819605
LER,hear_yes,0.390448796788
HER,has_exclam,0.389928203752
LER,insight_yes,0.377408232329
LER,cause_yes,0.315771121611
HER,low_wps,0.268641494538
HER,see_yes,0.268438436777
LER,power_yes,0.248495498405
LER,is_tone_yes,0.247914278144
LER,high_wps,0.245682418549
HER,tentat_yes,0.245100818331
LER,is_analytic_yes,0.238122316747
LER,achieve_yes,0.229267282828
LER,discrep_yes,0.229177898596
LER,is_authentic_yes,0.227499045745
LER,posemo_yes,0.21191518911
HER,affiliation_yes,0.164799758638
HER,assent_yes,0.111464703034
HER,swear_yes,0.0872408866636
LER,feel_yes,0.0557539008563
LER,few_sixltr,0.0400209488633
LER,filler_yes,0.0390691807022
HER,is_analytic_no,0.0302845143628
