HER,has_animated_gif,4.2697808829
HER,has_photo,2.42234482309
LER,assent_yes,0.849850416603
LER,is_clout_yes,0.627965363932
HER,has_video,0.60320518274
HER,is_clout_no,0.585090629677
LER,has_qmark,0.577902555329
LER,many_sixltr,0.535128285777
HER,see_yes,0.47395913657
HER,certain_yes,0.42920807731
HER,has_hashtag,0.413656485691
HER,differ_yes,0.35858725005
LER,affiliation_yes,0.348663924015
LER,hear_yes,0.348045463277
LER,reward_yes,0.292280378914
HER,nonflu_yes,0.287275114569
LER,has_exclam,0.263619966805
HER,few_sixltr,0.213962273754
LER,is_tone_yes,0.207834801583
LER,cause_yes,0.201968509705
LER,power_yes,0.19777409848
LER,achieve_yes,0.186688924754
LER,insight_yes,0.180951230567
LER,is_authentic_yes,0.173398325141
HER,anx_yes,0.160724681445
LER,is_authentic_no,0.157221986447
HER,filler_yes,0.129185149421
LER,netspeak_yes,0.127646822717
LER,posemo_yes,0.126112314403
LER,risk_yes,0.111713206374
LER,has_url,0.10737244804
HER,high_wps,0.106565345497
LER,is_analytic_yes,0.104277970716
HER,feel_yes,0.0861674241663
LER,is_analytic_no,0.0801793494248
HER,negemo_yes,0.0771858515452
HER,anger_yes,0.0740771460736
LER,low_wps,0.0527070288392
HER,sad_yes,0.0444212319813
HER,is_tone_no,0.0321423703262
HER,discrep_yes,0.0315182818957
LER,swear_yes,0.0284522801012
HER,tentat_yes,0.011039642631
