HER,has_animated_gif,1.94209276415
HER,has_photo,1.29779012812
HER,anger_yes,1.1490277199
LER,assent_yes,1.10241233118
HER,risk_yes,0.924873054799
HER,negemo_yes,0.817725324956
HER,is_tone_no,0.790750505701
HER,anx_yes,0.745751862975
HER,certain_yes,0.688344621364
HER,discrep_yes,0.662424965276
LER,filler_yes,0.651511920025
LER,many_sixltr,0.643628701763
HER,differ_yes,0.612740670707
HER,sad_yes,0.564685797269
LER,swear_yes,0.512312147477
LER,see_yes,0.506278000917
LER,has_video,0.424276383646
LER,has_qmark,0.396802696403
HER,feel_yes,0.365718927239
LER,is_tone_yes,0.357476480615
LER,high_wps,0.349710481896
LER,is_analytic_yes,0.316777144483
HER,is_analytic_no,0.313596466508
LER,is_authentic_yes,0.309340927534
HER,few_sixltr,0.242933549922
LER,hear_yes,0.225243157409
LER,is_authentic_no,0.203520435382
LER,reward_yes,0.18669890909
LER,achieve_yes,0.182878461129
HER,power_yes,0.178224146244
LER,netspeak_yes,0.174960333543
HER,is_clout_no,0.172091905206
LER,has_url,0.151106714018
HER,tentat_yes,0.146647905705
HER,nonflu_yes,0.140059719154
LER,low_wps,0.114936821301
LER,is_clout_yes,0.0927909278083
HER,has_hashtag,0.0757237962968
LER,has_exclam,0.0672265165447
HER,cause_yes,0.0668727202945
LER,affiliation_yes,0.0200182371256
LER,insight_yes,0.0182637822552
LER,posemo_yes,0.00582562054023
