HER,has_animated_gif,1.45146874088
LER,nonflu_yes,0.910827388882
LER,sad_yes,0.805586215184
HER,has_photo,0.751554893306
HER,low_wps,0.723103137321
HER,assent_yes,0.567926651449
HER,is_clout_no,0.455845035909
LER,has_qmark,0.444593021414
LER,hear_yes,0.410644032886
LER,is_tone_no,0.37591633672
LER,affiliation_yes,0.325049155973
LER,has_exclam,0.323771477554
LER,reward_yes,0.318424604648
HER,anx_yes,0.303922854502
HER,is_analytic_no,0.282749509225
LER,negemo_yes,0.279130580708
HER,filler_yes,0.266007622919
LER,see_yes,0.250926935819
HER,certain_yes,0.230805096877
LER,is_analytic_yes,0.230400549705
HER,has_video,0.213217556118
LER,high_wps,0.2109509956
LER,many_sixltr,0.207920870315
HER,differ_yes,0.175016819861
LER,risk_yes,0.171208865491
LER,swear_yes,0.169484085296
LER,insight_yes,0.154612185945
HER,few_sixltr,0.13179546161
LER,is_clout_yes,0.125981522288
LER,is_authentic_yes,0.0906845497037
LER,achieve_yes,0.0885394495992
HER,anger_yes,0.0796746259001
HER,is_authentic_no,0.0709947558726
LER,posemo_yes,0.0645532707843
LER,tentat_yes,0.0503569363
LER,cause_yes,0.033002320497
LER,feel_yes,0.0286128212075
LER,power_yes,0.0257549740308
LER,has_url,0.0235148493999
HER,has_hashtag,0.0187631992857
HER,discrep_yes,0.00819380772771
HER,is_tone_yes,0.00470680273809
